---
en:
  world:
    gb:
      abd:
        name: Aberdeenshire
      abe:
        name: Aberdeen City
      agb:
        name: Argyll and Bute
      agy:
        name: Isle of Anglesey;Sir Ynys Môn
      ans:
        name: Angus
      ant:
        name: Antrim
      ard:
        name: Ards
      arm:
        name: Armagh
      bas:
        name: Bath and North East Somerset
      bbd:
        name: Blackburn with Darwen
      bdf:
        name: Bedford
      bdg:
        name: Barking and Dagenham
      ben:
        name: Brent
      bex:
        name: Bexley
      bfs:
        name: Belfast
      bge:
        name: Bridgend;Pen-y-bont ar Ogwr
      bgw:
        name: Blaenau Gwent
      bir:
        name: Birmingham
      bkm:
        name: Buckinghamshire
      bla:
        name: Ballymena
      bly:
        name: Ballymoney
      bmh:
        name: Bournemouth
      bnb:
        name: Banbridge
      bne:
        name: Barnet
      bnh:
        name: Brighton and Hove
      bns:
        name: Barnsley
      bol:
        name: Bolton
      bpl:
        name: Blackpool
      brc:
        name: Bracknell Forest
      brd:
        name: Bradford
      bry:
        name: Bromley
      bst:
        name: Bristol, City of
      bur:
        name: Bury
      cam:
        name: Cambridgeshire
      cay:
        name: Caerphilly;Caerffili
      cbf:
        name: Central Bedfordshire
      cgn:
        name: Ceredigion;Sir Ceredigion
      cgv:
        name: Craigavon
      che:
        name: Cheshire East
      chw:
        name: Cheshire West and Chester
      ckf:
        name: Carrickfergus
      ckt:
        name: Cookstown
      cld:
        name: Calderdale
      clk:
        name: Clackmannanshire
      clr:
        name: Coleraine
      cma:
        name: Cumbria
      cmd:
        name: Camden
      cmn:
        name: Carmarthenshire;Sir Gaerfyrddin
      con:
        name: Cornwall
      cov:
        name: Coventry
      crf:
        name: Cardiff;Caerdydd
      cry:
        name: Croydon
      csr:
        name: Castlereagh
      cwy:
        name: Conwy
      dal:
        name: Darlington
      dby:
        name: Derbyshire
      den:
        name: Denbighshire;Sir Ddinbych
      der:
        name: Derby
      dev:
        name: Devon
      dgn:
        name: Dungannon and South Tyrone
      dgy:
        name: Dumfries and Galloway
      dnc:
        name: Doncaster
      dnd:
        name: Dundee City
      dor:
        name: Dorset
      dow:
        name: Down
      dry:
        name: Derry
      dud:
        name: Dudley
      dur:
        name: Durham, County
      eal:
        name: Ealing
      eaw:
        name: England and Wales
      eay:
        name: East Ayrshire
      edh:
        name: Edinburgh, City of
      edu:
        name: East Dunbartonshire
      eln:
        name: East Lothian
      els:
        name: Eilean Siar
      enf:
        name: Enfield
      eng:
        name: England
      erw:
        name: East Renfrewshire
      ery:
        name: East Riding of Yorkshire
      ess:
        name: Essex
      esx:
        name: East Sussex
      fal:
        name: Falkirk
      fer:
        name: Fermanagh
      fif:
        name: Fife
      fln:
        name: Flintshire;Sir y Fflint
      gat:
        name: Gateshead
      gbn:
        name: Great Britain
      glg:
        name: Glasgow City
      gls:
        name: Gloucestershire
      gre:
        name: Greenwich
      gwn:
        name: Gwynedd
      hal:
        name: Halton
      ham:
        name: Hampshire
      hav:
        name: Havering
      hck:
        name: Hackney
      hef:
        name: Herefordshire
      hil:
        name: Hillingdon
      hld:
        name: Highland
      hmf:
        name: Hammersmith and Fulham
      hns:
        name: Hounslow
      hpl:
        name: Hartlepool
      hrt:
        name: Hertfordshire
      hrw:
        name: Harrow
      hry:
        name: Haringey
      iow:
        name: Isle of Wight
      isl:
        name: Islington
      ivc:
        name: Inverclyde
      kec:
        name: Kensington and Chelsea
      ken:
        name: Kent
      khl:
        name: Kingston upon Hull
      kir:
        name: Kirklees
      ktt:
        name: Kingston upon Thames
      kwl:
        name: Knowsley
      lan:
        name: Lancashire
      lbh:
        name: Lambeth
      lce:
        name: Leicester
      lds:
        name: Leeds
      lec:
        name: Leicestershire
      lew:
        name: Lewisham
      lin:
        name: Lincolnshire
      liv:
        name: Liverpool
      lmv:
        name: Limavady
      lnd:
        name: London, City of
      lrn:
        name: Larne
      lsb:
        name: Lisburn
      lut:
        name: Luton
      man:
        name: Manchester
      mdb:
        name: Middlesbrough
      mdw:
        name: Medway
      mft:
        name: Magherafelt
      mik:
        name: Milton Keynes
      mln:
        name: Midlothian
      mon:
        name: Monmouthshire;Sir Fynwy
      mrt:
        name: Merton
      mry:
        name: Moray
      mty:
        name: Merthyr Tydfil;Merthyr Tudful
      myl:
        name: Moyle
      nay:
        name: North Ayrshire
      nbl:
        name: Northumberland
      ndn:
        name: North Down
      nel:
        name: North East Lincolnshire
      net:
        name: Newcastle upon Tyne
      nfk:
        name: Norfolk
      ngm:
        name: Nottingham
      nir:
        name: Northern Ireland
      nlk:
        name: North Lanarkshire
      nln:
        name: North Lincolnshire
      nsm:
        name: North Somerset
      nta:
        name: Newtownabbey
      nth:
        name: Northamptonshire
      ntl:
        name: Neath Port Talbot;Castell-nedd Port Talbot
      ntt:
        name: Nottinghamshire
      nty:
        name: North Tyneside
      nwm:
        name: Newham
      nwp:
        name: Newport;Casnewydd
      nyk:
        name: North Yorkshire
      nym:
        name: Newry and Mourne
      old:
        name: Oldham
      omh:
        name: Omagh
      ork:
        name: Orkney Islands
      oxf:
        name: Oxfordshire
      pem:
        name: Pembrokeshire;Sir Benfro
      pkn:
        name: Perth and Kinross
      ply:
        name: Plymouth
      pol:
        name: Poole
      por:
        name: Portsmouth
      pow:
        name: Powys
      pte:
        name: Peterborough
      rcc:
        name: Redcar and Cleveland
      rch:
        name: Rochdale
      rct:
        name: Rhondda, Cynon, Taff;Rhondda, Cynon,Taf
      rdb:
        name: Redbridge
      rdg:
        name: Reading
      rfw:
        name: Renfrewshire
      ric:
        name: Richmond upon Thames
      rot:
        name: Rotherham
      rut:
        name: Rutland
      saw:
        name: Sandwell
      say:
        name: South Ayrshire
      scb:
        name: Scottish Borders, The
      sct:
        name: Scotland
      sfk:
        name: Suffolk
      sft:
        name: Sefton
      sgc:
        name: South Gloucestershire
      shf:
        name: Sheffield
      shn:
        name: St. Helens
      shr:
        name: Shropshire
      skp:
        name: Stockport
      slf:
        name: Salford
      slg:
        name: Slough
      slk:
        name: South Lanarkshire
      snd:
        name: Sunderland
      sol:
        name: Solihull
      som:
        name: Somerset
      sos:
        name: Southend-on-Sea
      sry:
        name: Surrey
      stb:
        name: Strabane
      ste:
        name: Stoke-on-Trent
      stg:
        name: Stirling
      sth:
        name: Southampton
      stn:
        name: Sutton
      sts:
        name: Staffordshire
      stt:
        name: Stockton-on-Tees
      sty:
        name: South Tyneside
      swa:
        name: Swansea;Abertawe
      swd:
        name: Swindon
      swk:
        name: Southwark
      syk:
        name: South Yorkshire
      tam:
        name: Tameside
      tfw:
        name: Telford and Wrekin
      thr:
        name: Thurrock
      tob:
        name: Torbay
      tof:
        name: Torfaen;Tor-faen
      trf:
        name: Trafford
      twh:
        name: Tower Hamlets
      ukm:
        name: United Kingdom
      vgl:
        name: Vale of Glamorgan, The;Bro Morgannwg
      war:
        name: Warwickshire
      wbk:
        name: West Berkshire
      wdu:
        name: West Dunbartonshire
      wft:
        name: Waltham Forest
      wgn:
        name: Wigan
      wkf:
        name: Wakefield
      wll:
        name: Walsall
      wln:
        name: West Lothian
      wls:
        name: Wales
      wlv:
        name: Wolverhampton
      wnd:
        name: Wandsworth
      wnm:
        name: Windsor and Maidenhead
      wok:
        name: Wokingham
      wor:
        name: Worcestershire
      wrl:
        name: Wirral
      wrt:
        name: Warrington
      wrx:
        name: Wrexham;Wrecsam
      wsm:
        name: Westminster
      wsx:
        name: West Sussex
      wyk:
        name: West Yorkshire
      yor:
        name: York
      zet:
        name: Shetland Islands
