---
en:
  world:
    md:
      an:
        name: Anenii Noi
      ba:
        name: Bălți
      bd:
        name: Tighina
      br:
        name: Briceni
      bs:
        name: Basarabeasca
      ca:
        name: Cahul
      cl:
        name: Călărași
      cm:
        name: Cimișlia
      cr:
        name: Criuleni
      cs:
        name: Căușeni
      ct:
        name: Cantemir
      cu:
        name: Chișinău
      do:
        name: Dondușeni
      dr:
        name: Drochia
      du:
        name: Dubăsari
      ed:
        name: Edineț
      fa:
        name: Fălești
      fl:
        name: Florești
      ga:
        name: Găgăuzia, Unitatea teritorială autonomă
      gl:
        name: Glodeni
      hi:
        name: Hîncești
      ia:
        name: Ialoveni
      le:
        name: Leova
      ni:
        name: Nisporeni
      oc:
        name: Ocnița
      or:
        name: Orhei
      re:
        name: Rezina
      ri:
        name: Rîșcani
      sd:
        name: Șoldănești
      si:
        name: Sîngerei
      sn:
        name: Stînga Nistrului, unitatea teritorială din
      so:
        name: Soroca
      st:
        name: Strășeni
      sv:
        name: Ștefan Vodă
      ta:
        name: Taraclia
      te:
        name: Telenești
      un:
        name: Ungheni
