---
en:
  world:
    pt:
      '01':
        name: Aveiro
      '02':
        name: Beja
      '03':
        name: Braga
      '04':
        name: Bragança
      '05':
        name: Castelo Branco
      '06':
        name: Coimbra
      '07':
        name: "Évora"
      08:
        name: Faro
      09:
        name: Guarda
      '10':
        name: Leiria
      '11':
        name: Lisboa
      '12':
        name: Portalegre
      '13':
        name: Porto
      '14':
        name: Santarém
      '15':
        name: Setúbal
      '16':
        name: Viana do Castelo
      '17':
        name: Vila Real
      '18':
        name: Viseu
      '20':
        name: Região Autónoma dos Açores
      '30':
        name: Região Autónoma da Madeira
