--- 
- code: BA
  name: Balaka
  type: district
- code: BL
  name: Blantyre
  type: district
- code: CK
  name: Chikwawa
  type: district
- code: CR
  name: Chiradzulu
  type: district
- code: MH
  name: Machinga
  type: district
- code: MG
  name: Mangochi
  type: district
- code: MU
  name: Mulanje
  type: district
- code: MW
  name: Mwanza
  type: district
- code: NS
  name: Nsanje
  type: district
- code: PH
  name: Phalombe
  type: district
- code: TH
  name: Thyolo
  type: district
- code: ZO
  name: Zomba
  type: district
