--- 
- code: AI
  name: "Ais\xC3\xA9n del General Carlos Ib\xC3\xA1\xC3\xB1ez del Campo"
  type: region
- code: AN
  name: Antofagasta
  type: region
- code: AR
  name: "Araucan\xC3\xADa"
  type: region
- code: AP
  name: Arica y Parinacota
  type: region
- code: AT
  name: Atacama
  type: region
- code: BI
  name: "B\xC3\xADo-B\xC3\xADo"
  type: region
- code: CO
  name: Coquimbo
  type: region
- code: LI
  name: Libertador General Bernardo O'Higgins
  type: region
- code: LL
  name: Los Lagos
  type: region
- code: LR
  name: "Los R\xC3\xADos"
  type: region
- code: MA
  name: "Magallanes y Ant\xC3\xA1rtica Chilena"
  type: region
- code: ML
  name: Maule
  type: region
- code: RM
  name: "Regi\xC3\xB3n Metropolitana de Santiago"
  type: region
- code: TA
  name: "Tarapac\xC3\xA1"
  type: region
- code: VS
  name: "Valpara\xC3\xADso"
  type: region
