--- 
- code: "65"
  name: Abruzzo
  type: region
- code: "77"
  name: Basilicata
  type: region
- code: "78"
  name: Calabria
  type: region
- code: "72"
  name: Campania
  type: region
- code: "45"
  name: Emilia-Romagna
  type: region
- code: "36"
  name: Friuli-Venezia Giulia
  type: region
- code: "62"
  name: Lazio
  type: region
- code: "42"
  name: Liguria
  type: region
- code: "25"
  name: Lombardia
  type: region
- code: "57"
  name: Marche
  type: region
- code: "67"
  name: Molise
  type: region
- code: "21"
  name: Piemonte
  type: region
- code: "75"
  name: Puglia
  type: region
- code: "88"
  name: Sardegna
  type: region
- code: "82"
  name: Sicilia
  type: region
- code: "52"
  name: Toscana
  type: region
- code: "32"
  name: Trentino-Alto Adige
  type: region
- code: "55"
  name: Umbria
  type: region
- code: "23"
  name: Valle d'Aosta
  type: region
- code: "34"
  name: Veneto
  type: region
