--- 
- code: FC
  name: Abuja Capital Territory
  type: capital territory
- code: AB
  name: Abia
  type: state
- code: AD
  name: Adamawa
  type: state
- code: AK
  name: Akwa Ibom
  type: state
- code: AN
  name: Anambra
  type: state
- code: BA
  name: Bauchi
  type: state
- code: BY
  name: Bayelsa
  type: state
- code: BE
  name: Benue
  type: state
- code: BO
  name: Borno
  type: state
- code: CR
  name: Cross River
  type: state
- code: DE
  name: Delta
  type: state
- code: EB
  name: Ebonyi
  type: state
- code: ED
  name: Edo
  type: state
- code: EK
  name: Ekiti
  type: state
- code: EN
  name: Enugu
  type: state
- code: GO
  name: Gombe
  type: state
- code: IM
  name: Imo
  type: state
- code: JI
  name: Jigawa
  type: state
- code: KD
  name: Kaduna
  type: state
- code: KN
  name: Kano
  type: state
- code: KT
  name: Katsina
  type: state
- code: KE
  name: Kebbi
  type: state
- code: KO
  name: Kogi
  type: state
- code: KW
  name: Kwara
  type: state
- code: LA
  name: Lagos
  type: state
- code: NA
  name: Nassarawa
  type: state
- code: NI
  name: Niger
  type: state
- code: OG
  name: Ogun
  type: state
- code: "ON"
  name: Ondo
  type: state
- code: OS
  name: Osun
  type: state
- code: OY
  name: Oyo
  type: state
- code: PL
  name: Plateau
  type: state
- code: RI
  name: Rivers
  type: state
- code: SO
  name: Sokoto
  type: state
- code: TA
  name: Taraba
  type: state
- code: YO
  name: Yobe
  type: state
- code: ZA
  name: Zamfara
  type: state
