--- 
- code: DS
  name: "Dolno\xC5\x9Bl\xC4\x85skie"
  type: province
- code: KP
  name: Kujawsko-pomorskie
  type: province
- code: LU
  name: Lubelskie
  type: province
- code: LB
  name: Lubuskie
  type: province
- code: LD
  name: "\xC5\x81\xC3\xB3dzkie"
  type: province
- code: MA
  name: "Ma\xC5\x82opolskie"
  type: province
- code: MZ
  name: Mazowieckie
  type: province
- code: OP
  name: Opolskie
  type: province
- code: PK
  name: Podkarpackie
  type: province
- code: PD
  name: Podlaskie
  type: province
- code: PM
  name: Pomorskie
  type: province
- code: SL
  name: "\xC5\x9Al\xC4\x85skie"
  type: province
- code: SK
  name: "\xC5\x9Awi\xC4\x99tokrzyskie"
  type: province
- code: WN
  name: "Warmi\xC5\x84sko-mazurskie"
  type: province
- code: WP
  name: Wielkopolskie
  type: province
- code: ZP
  name: Zachodniopomorskie
  type: province
