--- 
- code: CTT
  name: Couva-Tabaquite-Talparo
  type: region
- code: DMN
  name: Diego Martin
  type: region
- code: ETO
  name: Eastern Tobago
  type: region
- code: PED
  name: Penal-Debe
  type: region
- code: PRT
  name: Princes Town
  type: region
- code: RCM
  name: Rio Claro-Mayaro
  type: region
- code: SGE
  name: Sangre Grande
  type: region
- code: SJL
  name: San Juan-Laventille
  type: region
- code: SIP
  name: Siparia
  type: region
- code: TUP
  name: Tunapuna-Piarco
  type: region
- code: WTO
  name: Western Tobago
  type: region
- code: ARI
  name: Arima
  type: borough
- code: CHA
  name: Chaguanas
  type: borough
- code: PTF
  name: Point Fortin
  type: borough
- code: POS
  name: Port of Spain
  type: city
- code: SFO
  name: San Fernando
  type: city
