--- 
- code: "01"
  name: Arusha
  type: region
- code: "02"
  name: Dar-es-Salaam
  type: region
- code: "03"
  name: Dodoma
  type: region
- code: "04"
  name: Iringa
  type: region
- code: "05"
  name: Kagera
  type: region
- code: "06"
  name: Kaskazini Pemba
  type: region
- code: "07"
  name: Kaskazini Unguja
  type: region
- code: 08
  name: Kigoma
  type: region
- code: 09
  name: Kilimanjaro
  type: region
- code: "10"
  name: Kusini Pemba
  type: region
- code: "11"
  name: Kusini Unguja
  type: region
- code: "12"
  name: Lindi
  type: region
- code: "26"
  name: Manyara
  type: region
- code: "13"
  name: Mara
  type: region
- code: "14"
  name: Mbeya
  type: region
- code: "15"
  name: Mjini Magharibi
  type: region
- code: "16"
  name: Morogoro
  type: region
- code: "17"
  name: Mtwara
  type: region
- code: "18"
  name: Mwanza
  type: region
- code: "19"
  name: Pwani
  type: region
- code: "20"
  name: Rukwa
  type: region
- code: "21"
  name: Ruvuma
  type: region
- code: "22"
  name: Shinyanga
  type: region
- code: "23"
  name: Singida
  type: region
- code: "24"
  name: Tabora
  type: region
- code: "25"
  name: Tanga
  type: region
